﻿Designator,Footprint,Quantity,Value,LCSC Part #
"LED1, LED10, LED11, LED12, LED13, LED14, LED15, LED16, LED17, LED18, LED19, LED2, LED20, LED21, LED22, LED23, LED24, LED25, LED26, LED27, LED28, LED29, LED3, LED30, LED4, LED5, LED6, LED7, LED8, LED9",LED-SMD_4P-L1.6-W1.5_XL-1615RGBC-WS2812B,30,XL-1615RGBC-WS2812B,C5349954
R1,0402,1,470,C25117
"R2, R3",0402,2,5.1k,C25905
"ROW1, ROW2, ROW3",0402,3,"10uF,10V,X5R",C52923
SW1,SW-TH_EC11XXXXXXXX,1,EC11E09244BS,C470742
"TP1, TP2",TestPoint_Pad_D1.5mm,2,TestPoint,
